{"current":{"layout_style":"normal","rtl":false,"favicon":"","show_sticky_header":true,"show_sticky_arrow":false,"enable_site_animation":true,"site_animation_mobile":true,"ajax_cart":true,"enable_wishlist":false,"image_swatches":false,"show_product_label":false,"secondary_image":true,"show_cart_btn":true,"show_color_swatch":false,"type_base_family":"Futura","type_base_size":"14px","type_header_family":"Futura","type_header_base_size":"26px","color_body_bg":"#0c2340","color_body_text":"#ffffff","color_text":"#278aec","color_links":"#000","color_borders":"#bbbbbb","color_text_field":"#fff","color_text_field_text":"#333333","color_button":"#278aec","color_button_text":"#fff","color_small_button":"#fff","color_small_button_text":"#000000","color_bg":"#278aec","annouance_color_text":"#fff","top_header_clr":"#f5f5f5","top_header_text_clr":"#000","main_header_bg_clr":"#0c2340","cart_bag_clr":"#278aec","search_ico_clr":"#278aec","navbar_bg":"#0c2340","navbar_link":"#278aec","navbar_link_hv":"#1a5796","navbar_link_bghv":"rgba(0,0,0,0)","nav_link_lbl":"#ffffff","nav_link_lbl_bg":"#31a3a3","nav_mm_bg":"#0c2340","nav_mm_title":"#ffffff","nav_mm_link":"#ffffff","nav_mm_link_hv":"#6d7b8c","nav_dd_link":"#000","nav_dd_link_bg":"#fff","nav_dd_link_hv":"#000","nav_dd_divider":"#eeeeee","nav_dd_link_bghv":"#eee","mobile_nav_bg":"#ffffff","navigation_text":"#333333","border":"#eeeeee","subnav_color_shade":"darken","color_slideshow_image_overlay":"#000000","image_slideshow_overlay_opacity":"0","slide_text_clr":"#ffffff","display_overlay":false,"slide_overlay_clr":"rgba(0,0,0,0)","display_overlay_border":false,"slide_border_clr":"#000000","newsletter_bg_clr":"#000000","newsletter_text_clr":"#ffffff","newsletter_border_clr":"rgba(0,0,0,0)","newsletter_button_clr":"#ffffff","newsletter_button_hover_clr":"#278aec","social_icon_colors":"#278aec","footer_bg_clr":"#0c2340","footer_text_clr":"#278aec","footer_title_clr":"#ffffff","footer_border_clr":"#278aec","icon_colors":"#686868","scroll_icon_colors":"#278aec","color_image_overlay_text":"#fff","color_image_overlay":"#000000","image_overlay_opacity":"0.4","header_bg_clr":"#f9f9f9","header_text_clr":"#000","lbl_new_color":"#000000","lbl_sale_color":"#ff708e","color_product_title":"#000","color_price_text":"#4a4a4a","color_sale_text":"#e95144","product_tick_color":"#ee8e8e","product_review_color":"#e38182","quantity_msg":"#31a3a3","countdown_text":"#000","product_tab_text_color":"#929292","product_tab_active_text_color":"#000","product_detail_tab_border":"#e8e9eb","product_detail_tab_text_color":"#2e2d2d","product_detail_tab_active_text_color":"#000","show_multiple_currencies":false,"currency_format":"money_format","supported_currencies":"Albania Andorra Austria Azerbaijan Belarus Belgium Bosnia-and-Herzegovina Bulgaria Croatia Cyprus Czech-Republic Denmark Estonia Finland France Georgia Germany Greece Hungary Iceland Ireland Italy Latvia Liechtenstein Lithuania  Luxembourg Republic-of-Macedonia Malta Moldova Monaco Montenegro Netherlands Norway Poland Portugal Romania Russia San-Marino Serbia Slovakia Slovenia Spain Sweden Switzerland Turkey Ukraine United-Kingdom United-States-of-America Vatican-City","default_currency":"USD","display_categories":true,"display_filter_1":true,"filter_1_label":"Price","shop_by_filter1_tag_lists":"Under $50,\r\nUnder $100, \r\n$100 - $400, \r\n$400 - $600,\r\n$600 - $800,\r\nAbove $800","display_filter_2":true,"filter_2_label":"Size","shop_by_filter2_tag_lists":"XS,\r\nS,\r\nM,\r\nL,\r\nXL,\r\nXXL,\r\nOne Size","display_filter_3":true,"filter_3_label":"Color","shop_by_color_1_name":"Black","shop_by_color_1":"#000","shop_by_color_2_name":"White","shop_by_color_2":"#fff","shop_by_color_3_name":"Red","shop_by_color_3":"#f93d03","shop_by_color_4_name":"Blue","shop_by_color_4":"#015be2","shop_by_color_5_name":"Pink","shop_by_color_5":"#f53c7f","shop_by_color_6_name":"Silver","shop_by_color_6":"#e1dddf","shop_by_color_7_name":"Gray","shop_by_color_7":"#c3bfc1","shop_by_color_8_name":"Green","shop_by_color_8":"#08b12c","shop_by_color_9_name":"Oragnge","shop_by_color_9":"#f1840e","shop_by_color_10_name":"Marun","shop_by_color_10":"#a5030f","shop_by_color_11_name":"Yellow","shop_by_color_11":"#f7e308","shop_by_color_12_name":"Cyan","shop_by_color_12":"#1a8180","shop_by_color_13_name":"Gold","shop_by_color_13":"#b28f35","shop_by_color_14_name":"Lavender","shop_by_color_14":"#8131c6","shop_by_color_15_name":"LimeGreen","shop_by_color_15":"#32cc08","display_filter_4":true,"filter_4_label":"Brand","shop_by_filter4_tag_lists":"Allen Vela, Famiza, Oxymat, Vanelas, Pagini,\r\nMonark, Cantitate, Lirisla,\r\nZuzuva","display_filter_5":false,"filter_5_label":"","shop_by_filter5_tag_lists":"","display_filter_6":false,"filter_6_label":"","shop_by_filter6_tag_lists":"","display_sidebar_products_carosel":true,"sidebar_products_title":"Popular Products","products_list_collection":"","num_of_products_in_carosel":"4","display_static_banner_block":true,"static_banner_link":"#","display_static_text_block":true,"static_text_block_title":"Static Block","static_text_block_text":"You can manage this text block from admin panel sidebar.","display_product_tags":true,"show_notification":true,"hide_notification_mb":true,"notify_collection":"","notify_msg":"Someone liked and bought","notify_delay":"10000","notify_display":"7000","quick_view":false,"show_product_availability":true,"show_product_type":false,"show_product_vendor":true,"show_product_sku":false,"show_short_desc":true,"show_variant_swatches":false,"mailChimp_newsletter":"","newsletter_popup":false,"show_social_icons":true,"newsletter_popup_time":"5000","newsletter_img":"","newsletter_popup_title":"Join Our Mailing List","newsletter_popup_title_color":"#252525","newsletter_popup_subtitle":"Sign Up for our exclusive email list and be the first to know about new products and special offers","share_facebook":true,"share_twitter":true,"share_pinterest":true,"social_twitter_link":"https:\/\/twitter.com\/grandlemar","social_facebook_link":"https:\/\/www.facebook.com\/Grand-Le-Mar-2093419960886167\/","social_pinterest_link":"","social_instagram_link":"https:\/\/www.instagram.com\/grandlemar\/","social_tumblr_link":"","social_youtube_link":"https:\/\/www.youtube.com\/channel\/UCZj32veImoReRYpCOV_SA0w\/featured","social_vimeo_link":"","checkout_header_image":"shopify:\/\/shop_images\/Checkout_header_d70ac40a-1356-41d0-b8b0-494f59fd63df.png","checkout_logo_image":"shopify:\/\/shop_images\/Rectangle_small.png","checkout_logo_position":"right","checkout_logo_size":"small","checkout_body_background_image":"shopify:\/\/shop_images\/Checkout_Side_Bar_5.png","checkout_body_background_color":"#0c2340","checkout_input_background_color_mode":"white","checkout_sidebar_background_image":"","checkout_sidebar_background_color":"#0c2340","checkout_heading_font":"Helvetica Neue","checkout_body_font":"Helvetica Neue","checkout_accent_color":"#278aec","checkout_button_color":"#278aec","checkout_error_color":"#ff6d6d","display_instagram":true,"is_layout_fullwidth":false,"display_vimeo":true,"display_tumblr":true,"mlvedaACS_positionTop":"10px","product_filter_heading_clr":"#075159","mlvedaACS_positionLeft":false,"mlvedaACS_defaultCurrency":"USD","mlvedaACS_position":"top_with_right","mlvedaACS_enable":true,"display_facebook":true,"mlvedaACS_supportedCurrencies":"USD GBP EUR SEK","disable_newsletter_popup":false,"mlvedaACS_currencyFormat":"money_format","display_pinterest":true,"display_youtube":true,"mlvedaACS_displayFlag":false,"button_text_clr":"#888888","is_layout_fullwidth?":true,"type_bold_product_titles":false,"display_twitter":true,"socia_icon_color":"#141515","header_border_clr":"#e8e9eb","mlvedaACS_roundDecimal":false,"display_newsletter":true,"mlvedaACS_positionRight":"10px","mlvedaACS_positionBottom":false,"is_header_fullwidth":true,"button_bg_clr":"#ffffff","social_snapchat_link":"","mlvedaACS_hideDecimal":false,"sections":{"1493711107168":{"type":"featured-blog","disabled":true,"settings":{"title":"Latest From our Blog","blog":"press","post_limit":"2","blog_show_author":false,"blog_show_date":true,"show_view_all":false}},"footer":{"type":"footer","settings":{"display_newsletter":true,"title":"<span>GET THE LATEST <\/span>SIGN UP TO GET PERSONALISED OFFERS AND THE LATEST ON ALL THINGS FROM GRAND LE MAR","show_background":false,"column1_title":"","column_1_menu":"","column2_title":"","column_2_menu":"","column3_title":"","column_3_menu":"","column4_title":"","display_address_footer":false,"stree_address":"","phone":"","email":"","bottom_menu_title":"customer","bottom_menu":"customer-assistance","copyright_text":"All rights reserved. &nbsp; &nbsp; &nbsp; &nbsp; &nbsp; Grand Le Mar AB (Limited)","show_payment_icons":true}},"contact-template":{"type":"contact-template","settings":{"show_google_map":false,"map_title":"Our store","address":"<p>123 Fake St.<br>Toronto, Canada<\/p>\r\n<p>Mon - Fri, 10am - 9pm<br>Saturday, 11am - 9pm<br>Sunday, 11am - 5pm<\/p>","map_address":"80 Spadina Ave, Toronto","show_button":false,"api_key":"","contact_title":"","contact_text_desc":"","show_labels":false,"contact_your_name":"Name","contact_phone_number":"Phone Number","contact_your_email":"Email","contact_your_comment":"Your Message","show_store_opening":false,"store_opening_time":"<strong>Opening Hours<\/strong><br>\r\nMon - Sat : 9am - 11pm<br>\r\nSunday: 11am - 5pm","Show_location":false,"Show_Social_media":false}},"search-no-result":{"type":"search-no-result","settings":{"image":"shopify:\/\/shop_images\/search-no-res.jpg","link":"https:\/\/giphy.com\/gifs\/cary-grant-p1RAqwRUtZG92"}},"password-header":{"type":"password-header","settings":{"logo":"","logo_max_width":"100","header":"Coming Soon"}},"faq-template":{"type":"faq-template","blocks":{"1493994331036":{"type":"faqs","settings":{"question":"What is Lorem Ipsum?","answer":"Nullam sed neque luctus, maximus diam sed, facilisis orci. Nunc ultricies neque a aliquam sollicitudin. Vivamus sit amet finibus sapien. Duis est dui, sodales nec pretium a, interdum in lacus. Sed et est vel velit vestibulum tincidunt non a felis. Phasellus convallis, diam eu facilisis tincidunt, ex nibh vulputate dolor, eu maximus massa libero vel eros. In vulputate metus lacus, eu vehicula dolor feugiat id. Nulla vitae nisl in ex consequat porttitor vel a lectus. Vestibulum viverra in velit ac consequat. Nullam porta nulla eu dignissim cursus."}},"1493994939248":{"type":"faqs","settings":{"question":"Why do we use it?","answer":"Cras non gravida urna. Ut venenatis nulla in tellus lobortis, vel mollis lectus condimentum. Duis elementum sapien purus, et sagittis nulla efficitur in. Phasellus vitae eros sed nisi fringilla auctor nec quis nunc. Pellentesque habitant morbi tristique senectus et netus et malesuada fames ac turpis egestas. Pellentesque rutrum faucibus nibh vitae fermentum. Aliquam commodo sem sit amet malesuada consectetur. Ut sit amet vestibulum diam. Etiam quis dictum turpis, eget condimentum velit. Sed cursus odio dapibus, consectetur massa sit amet, fringilla purus."}},"1493994956959":{"type":"faqs","settings":{"question":"How to use this template?","answer":"Duis nec nisi id ligula dapibus maximus nec eu dui. Proin ornare, ipsum vitae tincidunt rutrum, diam neque accumsan turpis, a dignissim nisi libero non lacus. Nulla quis massa nulla. Morbi metus lacus, sagittis sed est vel, aliquet ultrices nibh. Morbi auctor ex eget egestas auctor."}},"1493994983472":{"type":"faqs","settings":{"question":"Where to buy shopify theme?","answer":"Proin varius magna rhoncus quam egestas, id faucibus eros viverra. Suspendisse id ipsum at leo congue feugiat non faucibus enim. Suspendisse non hendrerit lorem. Phasellus sit amet nisi dui. Aliquam erat volutpat. Integer facilisis lacus est, a semper felis iaculis vel. Pellentesque ultrices lorem sed arcu ornare iaculis. Ut pellentesque a dolor ac iaculis. Nullam ac rutrum urna. Ut tempor tempus tincidunt. Sed facilisis ante sed tellus malesuada fermentum."}},"1493995005223":{"type":"faqs","settings":{"question":"Where does it come from?","answer":"Aliquam erat volutpat. Interdum et malesuada fames ac ante ipsum primis in faucibus. Proin tortor enim, lacinia nec malesuada eget, laoreet eget quam. Suspendisse quis mauris quis tellus rutrum imperdiet nec id ipsum. Suspendisse non nisi in metus viverra convallis. Nam dictum erat sed libero eleifend, a venenatis ipsum elementum. Nulla placerat metus nec nisl malesuada, et mattis mauris faucibus. Cras blandit efficitur condimentum. Nam euismod sapien et iaculis tempus. Duis vitae ullamcorper libero."}},"1493995040471":{"type":"faqs","settings":{"question":"Why do we use it?","answer":"It is a long established fact that a reader will be distracted by the readable content of a page when looking at its layout.It is a long established fact that a reader will be distracted by the readable content of a page when looking at its layout."}}},"block_order":["1493994331036","1493994939248","1493994956959","1493994983472","1493995005223","1493995040471"],"settings":{}},"article-template":{"type":"article-template","settings":{"sidebar_position":"nosidebar","blog_show_author":true,"blog_show_date":true,"show_share_buttons":false,"show_category":true,"category_box_title":"Category","show_recent_posts":true,"recent_posts_title":"Recent Posts","show_banner_ad":true,"sidebar_banner":"shopify:\/\/shop_images\/blog-article-bg.png","banner_link":"","show_products":false,"collection_title":"Trending Now","sidebar_collection":"","number_of_prodcut":"4"}},"product-template":{"type":"product-template","settings":{"product_latyout":"style1","enable_zoom":false,"show_product_review":false,"show_product_availability":false,"show_product_type":false,"show_vendor":true,"show_product_vendor":false,"show_product_sku":false,"show_short_desc":false,"quantity_msg":false,"countdown":false,"show_share_buttons":false,"show_product_navigation":false,"show_variant_swatches":false,"show_product_tabs":true,"show_tab_1":true,"tab_1_title_text":"Details","show_tab_2":false,"tab_2_title_text":"Product Reviews","show_tab_3":false,"tab_3_title_text":"Size Chart","sizechart":"","show_tab_4":false,"tab_4_title_text":"Shipping & Returns","tab_4_textarea":"<h4>Returns Policy<\/h4>\r\n<p>Lorem ipsum dolor sit amet, consectetur adipiscing elit. Fusce eros justo, accumsan non dui sit amet. Phasellus semper volutpat mi sed imperdiet. Ut odio lectus, vulputate non ex non, mattis sollicitudin purus. Mauris consequat justo a enim interdum, in consequat dolor accumsan. Nulla iaculis diam purus, ut vehicula leo efficitur at.<\/p>\r\n<p>Interdum et malesuada fames ac ante ipsum primis in faucibus. In blandit nunc enim, sit amet pharetra erat aliquet ac.<\/p>\r\n\r\n<h4>Shipping<\/h4>\r\n\r\n<p>Pellentesque ultrices ut sem sit amet lacinia. Sed nisi dui, ultrices ut turpis pulvinar. Sed fringilla ex eget lorem consectetur, consectetur blandit lacus varius. Duis vel scelerisque elit, et vestibulum metus.  Integer sit amet tincidunt tortor. Ut lacinia ullamcorper massa, a fermentum arcu vehicula ut. Ut efficitur faucibus dui Nullam tristique dolor eget turpis consequat varius. Quisque a interdum augue. Nam ut nibh mauris.\r\n<\/p>","show_tab_5":false,"tab_5_title_text":"Custom Tab","tab_5_textarea":"","show_tab_6":false,"tab_6_title_text":"Custom Tab","tab_6_textarea":"","show_related_products":false,"related_products_autoplay":false,"related_title":"Related Products","related_sub_title":"You can stop autoplay, increase\/decrease aniamtion speed and number of grid to show and products from store admin.","slider_related_speed":"5000","slider_related_animation_speed":"200","related_grid_num":"4","related_total_product_to_show":"8","show_viewed_products":false,"viewedproduct_title":"Recently Viewed Product","viewedproduct_sub_title":"You can manage this section from store admin as describe in above section","recent_grid_num":"4","recent_total_product_to_show":"8"}},"lookbook-template":{"type":"lookbook-template","blocks":{"1494239838404":{"type":"lookbook1","settings":{"image":"","url":"#","title":"Women's Winter wear"}},"1494239974007":{"type":"lookbook1","settings":{"image":"","url":"#","title":"Collection 2017 special"}},"1494240001606":{"type":"lookbook1","settings":{"image":"","url":"#","title":"Summer Collection"}},"1494240023086":{"type":"lookbook1","settings":{"image":"","url":"#","title":"Kids Wear"}},"1494241006851":{"type":"lookbook2","settings":{"image":"","url":"#","title":"Shop Collection"}},"1494241168693":{"type":"lookbook2","settings":{"image":"","url":"#","title":"High Heel Shoes Collection"}},"1494241226929":{"type":"lookbook2","settings":{"image":"","url":"#","title":"Denim Jean's Collection"}},"1494241258389":{"type":"lookbook2","settings":{"image":"","url":"#","title":"Men's Watch New Arrival"}},"1494241326762":{"type":"lookbook2","settings":{"image":"","url":"#","title":"Hot Summer Collection"}},"1494241482971":{"type":"lookbook2","settings":{"image":"","url":"#","title":"Women jackets"}},"1494242856150":{"type":"lookbook1","settings":{"image":"","url":"#","title":"lingerie collection"}}},"block_order":["1494239838404","1494239974007","1494240001606","1494240023086","1494241006851","1494241168693","1494241226929","1494241258389","1494241326762","1494241482971","1494242856150"],"settings":{"layout_style":"lookbook1"}},"password-footer":{"type":"password-footer","settings":{"show_share_buttons":true,"social_message":"Spread the word"}},"blog-template":{"type":"blog-template","settings":{"layout":"grid","number_of_post_to_show":"6","sidebar_position":"nosidebar","blog_show_author":false,"blog_show_date":true,"show_category":true,"category_box_title":"Category","show_recent_posts":false,"recent_posts_title":"Recent Posts","show_banner_ad":false,"sidebar_banner":"","banner_link":"","show_products":false,"collection_title":"Trending Now","sidebar_collection":"","number_of_prodcut":"4","bg_color1":"#cb93ee","bg_color2":"#f0c654","bg_color3":"#43cb6f","bg_color4":"#4fc2e7","bg_color5":"#ff3045","bg_color6":"#41e2d3"}},"cart-template":{"type":"cart-template","settings":{"payment":"","cart_notes_enable":false}},"list-collections-template":{"type":"list-collections-template","settings":{"display_type":"all","sort":"alphabetical","grid":"3"}},"password-content":{"type":"password-content","settings":{"newsletter_enable":true,"newsletter_form_heading":"Be the first to know when we launch.","newsletter_placeholder":"Email address","newsletter_button_text":"Notify me"}},"collection-template":{"type":"collection-template","settings":{"sidebar_position":"nosidebar","grid":"3","rows":"5","pagination":"default","show_collection_image":true,"show_vendor":true,"show_product_review":true,"sort_enable":false}},"size-chart":{"type":"size-chart","blocks":{"1539355665996":{"type":"collection","settings":{"collection":"shirts","image":"shopify:\/\/shop_images\/DSC04096.png"}},"1539355867012":{"type":"collection","settings":{"collection":"slippers-loafers","image":"shopify:\/\/shop_images\/Grand-Le-Mar-Shoes.jpg"}},"1539355913813":{"type":"collection","settings":{"collection":"ties","image":"shopify:\/\/shop_images\/collecton4.jpg"}},"1539355969452":{"type":"collection","settings":{"collection":"trousers","image":"shopify:\/\/shop_images\/Gurkha_Trousers.jpg"}}},"block_order":["1539355665996","1539355867012","1539355913813","1539355969452"],"settings":{}},"1493722700907":{"type":"quotes","disabled":true,"blocks":{"1493722700907-0":{"type":"quote","settings":{"quote":"<p>This is my first purchase on this site, and i was hesitant at first especially since there wan't many sales on this new theme when i saw it but it was such a good decision to do it.<br><br><strong>Adornthemes has been extremely supportive<\/strong> and responsive in helping me get started and their theme was perfect for me out of all that was available on this market place for shopify, this was the specific one i had spent days looking for. Keep up the good work! I look forward to the updates and customizations you all add in the future<\/p>","author":"aamerikan<span>Analyst<\/span>"}},"1493722700907-1":{"type":"quote","settings":{"quote":"<p>I love the theme, and how responsive and customisable it is. And I fall in love with the support who ara very helpful and very responsive I recommande this seller! Awesome experience<\/p>","author":"rdzz59<span>Manager<\/span>"}},"1493722700907-2":{"type":"quote","settings":{"quote":"<p>I've bought many themes and this is by far the easiest to customize without touching the code, thanks<\/p>","author":"Grety22"}}},"block_order":["1493722700907-0","1493722700907-1","1493722700907-2"],"settings":{"title":"WHAT THEY’RE SAYING"}},"1538116809286":{"type":"single-collection","blocks":{"1546024804955":{"type":"Collection","settings":{"collection":"suits","image":"shopify:\/\/shop_images\/Grand-Le-Mar-Suit-Blue-Cerruti-Single-Breasted-01.jpg","layout":"right","collection_name":"Suits","collection_desc":"<p>Explore our collection of suits &mdash; made of fabric from the most iconic mills in Italy and England, such as Cerruti, Pontoglio and Huddersfield. Featuring details only the best tailors make, our suits are sure to stand out.<\/p>","video_url_html":"https:\/\/cdn.shopify.com\/s\/files\/1\/2574\/2560\/files\/Napoli_Suit_SB_467c7bb2-4e10-4e01-9054-b9a3f6b51bdd.mp4","video_poster":"","button_label":"Discover","button_link":"shopify:\/\/collections\/suits"}},"1538116820015":{"type":"Collection","settings":{"collection":"shirts","image":"shopify:\/\/shop_images\/Shirts-Grand-Le-Mar.jpg","layout":"left","collection_name":"Shirts","collection_desc":"<p>Finding your perfect shirt is all about three aspects: the perfect material, the perfect details and the perfect fit. Featuring timeless styles with a sprezzatura look, our shirts are nothing less of excellence<\/p>","video_url_html":"","video_poster":"","button_label":"","button_link":""}},"1538125772389":{"type":"Collection","settings":{"collection":"trousers","image":"shopify:\/\/shop_images\/Grand-Le-Mar-Trousers-Gurkha-Black-02_1.jpg","layout":"right","collection_name":"Trousers","collection_desc":"<p>Explore our careful selection of Gurkha trousers. Cool, technical and sartorial. Featuring a high waist fit and a specially made buttoning, these contemporary trousers work as both formal wear and when casually strolling the streets.<\/p>","video_url_html":"","video_poster":"","button_label":"Discover","button_link":""}},"1538116825829":{"type":"Collection","settings":{"collection":"slippers-loafers","image":"shopify:\/\/shop_images\/boot.gif","layout":"left","collection_name":"Shoes","collection_desc":"<p>Where do we begin? Shoes will always have a special place in our hearts. <br>Handmade with skillful craftsmanship, cut from the highest quality materials and a wide range of different styles. Make sure to check out the collection.<\/p>","video_url_html":"","video_poster":"","button_label":"","button_link":""}},"1538125834571":{"type":"Collection","settings":{"collection":"ties","image":"shopify:\/\/shop_images\/Ties-Grand-Le-Mar.jpg","layout":"right","collection_name":"Ties","collection_desc":"<p>There are ties, and then there are ties. Ours are the latter. There is nothing cooler than rocking the perfect complementary tie to your suit. Our ties are handmade and cut from quality fabrics from Como, Italy.&nbsp;<\/p>","video_url_html":"","video_poster":"","button_label":"Discover","button_link":"shopify:\/\/collections\/ties"}}},"block_order":["1546024804955","1538116820015","1538125772389","1538116825829","1538125834571"],"settings":{}},"1538110461306":{"type":"quotes","disabled":true,"blocks":{"1538110461306-0":{"type":"quote","settings":{"quote":"<p>Add customer reviews and testimonials to showcase your store’s happy customers.<\/p>","author":"Author's name"}},"1538110461306-1":{"type":"quote","settings":{"quote":"<p>Add customer reviews and testimonials to showcase your store’s happy customers.<\/p>","author":"Author's name"}},"1538110461306-2":{"type":"quote","settings":{"quote":"<p>Add customer reviews and testimonials to showcase your store’s happy customers.<\/p>","author":"Author's name"}}},"block_order":["1538110461306-0","1538110461306-1","1538110461306-2"],"settings":{"title":"Testimonials"}},"1493703791101":{"type":"collection-rows","disabled":true,"settings":{"title":"New Arrivals","collection":"","grid":"5","rows":"2","show_vendor":false,"show_product_review":false,"show_view_all":false}},"header":{"type":"header","blocks":{"1538285725435":{"type":"megamenu4","settings":{"title":"Clothing","url":"","label":"","mm_linklist":"","mmcolumns":"5","ttl41":"Suits","megamenu1_image":"shopify:\/\/shop_images\/Suits.png","Image1url":"shopify:\/\/collections\/suits","ttl42":"Shirts","megamenu2_image":"shopify:\/\/shop_images\/Shirts_44645a4b-e2a6-4110-b77d-d205f7b7c11d.png","Image2url":"shopify:\/\/collections\/shirts","ttl43":"Trousers","megamenu3_image":"shopify:\/\/shop_images\/Trousers.png","Image3url":"shopify:\/\/collections\/trousers","ttl44":"Shoes","megamenu4_image":"shopify:\/\/shop_images\/Shoes_e61933e1-4381-43a9-adca-6c63a2c2b15f.png","Image4url":"shopify:\/\/collections\/slippers-loafers","ttl45":"Ties","megamenu5_image":"shopify:\/\/shop_images\/Ties.png","Image5url":"shopify:\/\/collections\/ties","ttl46":"","megamenu6_image":"","Image6url":"","ttl47":"","megamenu7_image":"","Image7url":"","ttl48":"","megamenu8_image":"","Image8url":"","ttl49":"","megamenu9_image":"","Image9url":"","ttl410":"","megamenu10_image":"","Image10url":""}},"1546128177542":{"type":"megamenu4","settings":{"title":"Accessories","url":"","label":"","mm_linklist":"main-menu","mmcolumns":"5","ttl41":"Rings","megamenu1_image":"shopify:\/\/shop_images\/Rings.png","Image1url":"shopify:\/\/collections\/rings","ttl42":"Watches","megamenu2_image":"shopify:\/\/shop_images\/Watches.png","Image2url":"shopify:\/\/collections\/watches-1","ttl43":"Eyewear","megamenu3_image":"shopify:\/\/shop_images\/Eyewear_c1dd4b0c-dc44-4c72-a401-a8c4192bf084.png","Image3url":"shopify:\/\/collections\/eyewear","ttl44":"","megamenu4_image":"","Image4url":"","ttl45":"","megamenu5_image":"","Image5url":"","ttl46":"","megamenu6_image":"","Image6url":"","ttl47":"","megamenu7_image":"","Image7url":"","ttl48":"","megamenu8_image":"","Image8url":"","ttl49":"","megamenu9_image":"","Image9url":"","ttl410":"","megamenu10_image":"","Image10url":""}},"1538320692614":{"type":"single_link","settings":{"title":"OUR CONCEPT","url":"shopify:\/\/pages\/our-concept","label":""}},"1538320746859":{"type":"single_link","settings":{"title":"JOURNAL","url":"shopify:\/\/blogs\/journal","label":""}},"1538320721347":{"type":"single_link","settings":{"title":"CONTACT","url":"shopify:\/\/pages\/contact-us","label":""}}},"block_order":["1538285725435","1546128177542","1538320692614","1538320746859","1538320721347"],"settings":{"align_logo":"left","logo":"shopify:\/\/shop_images\/grandlemar__logo_64f502fa-b70b-4adf-9471-edb1e61adfaa.png","logo_max_width":"207","message":true,"message_mobile":true,"message_text":"FREE SHIPPING AND RETURNS IN MANY COUNTRIES","message_link":"","top_header_left_text":"","top_header_middle_text":"","menuarrow":false,"menuAlign":"center"}},"1493711077408":{"type":"logo-bar","disabled":true,"blocks":{"1493711077408-0":{"type":"logo_image","settings":{"image":"","link":""}},"1493711077408-1":{"type":"logo_image","settings":{"image":"","link":""}},"1493711077408-2":{"type":"logo_image","settings":{"image":"","link":""}},"1493711077408-3":{"type":"logo_image","settings":{"image":"","link":""}},"1493715143817":{"type":"logo_image","settings":{"image":"","link":""}},"1493715409462":{"type":"logo_image","settings":{"image":"","link":""}}},"block_order":["1493711077408-0","1493711077408-1","1493711077408-2","1493711077408-3","1493715143817","1493715409462"],"settings":{"title":""}},"1493703845205":{"type":"collection-tab","disabled":true,"blocks":{"1493703845205-0":{"type":"featured_collection_tabs","settings":{"tab_name":"Women","collection":""}},"1493703845205-1":{"type":"featured_collection_tabs","settings":{"tab_name":"Men","collection":""}},"1493703845205-2":{"type":"featured_collection_tabs","settings":{"tab_name":"Sale","collection":""}}},"block_order":["1493703845205-0","1493703845205-1","1493703845205-2"],"settings":{"title":"","grid":"4","rows":"5","show_vendor":false,"show_product_review":true}},"1493644198004":{"type":"collection-list","disabled":true,"blocks":{"1493644198004-0":{"type":"featured_collection","settings":{"collection":"","collection_image":"","collection_name":"Fashion"}},"1493645940829":{"type":"featured_collection","settings":{"collection":"","collection_image":"","collection_name":"Cosmetic"}},"1493644241236":{"type":"featured_collection","settings":{"collection":"","collection_image":"","collection_name":"Bags"}},"1493644198004-1":{"type":"featured_collection","settings":{"collection":"accessories","collection_image":"","collection_name":"Accessories"}},"1493644198004-2":{"type":"featured_collection","settings":{"collection":"","collection_image":"","collection_name":"Shoes"}}},"block_order":["1493644198004-0","1493645940829","1493644241236","1493644198004-1","1493644198004-2"],"settings":{"title":"","grid":"5"}},"1563190147110":{"type":"custom-content","disabled":true,"blocks":{"1563190187732":{"type":"collection","settings":{"collection":"","width":"50%"}},"1563190210830":{"type":"collection","settings":{"collection":"","width":"50%"}}},"block_order":["1563190187732","1563190210830"],"settings":{"title":"Custom content"}},"1564986242005":{"type":"TIMELESS-MACHINES-SLIDER","blocks":{"1575365793832":{"type":"product","settings":{"section__collection":"the-pope-ring","section__collection_description":"This pure rendition of Pope Benedict XVI:s iconic ring is guaranteed to add flair to your style. Handmade with precise design and skilful craftsmanship - this ring is an iconic piece that shall be worn by someone with as grand ambitions as the Pope himself."}},"1575365818102":{"type":"product","settings":{"section__collection":"the-colosseum-ring","section__collection_description":"This contemporary piece of jewellery is a celebration to one of the most famous monuments in the world. It's brutal history and historical presence cannot be overstated. The ring follows the natural ageing of the building, capturing the decay of time."}},"1575365851132":{"type":"product","settings":{"section__collection":"the-ripley-ring","section__collection_description":"\"That ring is superb\". This ring is inspired by the American playboy Dickie Greenleaf from the movie \"The Talented Mr. Ripley\". Just as Dickie himself, this ring displays a luxurious and bohemian lifestyle on the Italian riviera."}}},"block_order":["1575365793832","1575365818102","1575365851132"],"settings":{"background_image":"shopify:\/\/shop_images\/Ring_wallpaper.jpg","section__heading":"ICONIC RINGS"}},"1564989445057":{"type":"eyewear-section-homepage","disabled":true,"settings":{"image_center_main":"shopify:\/\/shop_images\/Grand_Le_Mar_fabric_sunglasses.png","outer_main":"EYEWEAR WITH","main_large":"FABRIC","main_small":"FRAMES","btn__url":"","btn__text":"DISCOVER"}},"press-template":{"type":"press-template","blocks":{"1565007300524":{"type":"select","settings":{"new_text_line":"- Logos and product images"}},"1565007308981":{"type":"select","settings":{"new_text_line":"- HD videos"}},"1565007316391":{"type":"select","settings":{"new_text_line":"- Press releases & Reports"}},"1565007321258":{"type":"select","settings":{"new_text_line":"- Corporate information"}}},"block_order":["1565007300524","1565007308981","1565007316391","1565007321258"],"settings":{"paragraph_1":"Welcome to the <b>GRAND LE MAR PRESS LOUNGE<\/b>.","paragraph_2":"Access and download a vast amount of exclusive materials, including:","button_url":"https:\/\/cdn.shopify.com\/s\/files\/1\/2574\/2560\/files\/Grand_Le_Mar_Presskit.zip?66864","button_text":"DOWNLOAD PRESS KIT","layout":"grid","number_of_post_to_show":"6","sidebar_position":"nosidebar","blog_show_author":false,"blog_show_date":true,"show_category":true,"category_box_title":"Category","show_recent_posts":false,"recent_posts_title":"Recent Posts","show_banner_ad":false,"sidebar_banner":"","banner_link":"","show_products":false,"collection_title":"Trending Now","sidebar_collection":"","number_of_prodcut":"4"}},"article-template-press":{"type":"article-template-press","settings":{"article_banner_top":"shopify:\/\/shop_images\/blog-article-bg.png","see_all_back":"","sidebar_position":"left","blog_show_author":true,"blog_show_date":true,"show_share_buttons":false,"show_category":true,"category_box_title":"Category","show_recent_posts":false,"recent_posts_title":"Recent Posts","show_banner_ad":false,"sidebar_banner":"","banner_link":"","show_products":false,"collection_title":"Trending Now","sidebar_collection":"","number_of_prodcut":"4"}},"1565084876248":{"type":"video-section-ts","blocks":{"1573124038491":{"type":"video","settings":{"video":"https:\/\/youtu.be\/RsTm98tkxVk","video_poster":"shopify:\/\/shop_images\/Grand-Le-Mar-Introducing-Thumbnail.jpg","video_header":"OUR CONCEPT"}},"1573124074052":{"type":"video","settings":{"video":"https:\/\/grandlemarwebshopvideos.s3.eu-north-1.amazonaws.com\/GRAND+LE+MAR+-+FOSCO+GIULIANELLI+ON+SPREZZATURA.mp4","video_poster":"shopify:\/\/shop_images\/GRAND_LE_MAR-_FOSCO-GIULIANELLI-ON-SPREZZATURA-GRAND-LE-MAR.jpg","video_header":"FOSCO GIULIANELLI ON STYLE"}}},"block_order":["1573124038491","1573124074052"],"settings":{"heading":"OUR CONCEPT"}},"page-concept-template":{"type":"page-concept-template","settings":{"video":"https:\/\/youtu.be\/RsTm98tkxVk","video_poster":"shopify:\/\/shop_images\/Grand-Le-Mar-Introducing-Thumbnail.jpg","video_header":"INTRODUCING GRAND LE MAR"}},"slideshow":{"type":"slideshow","blocks":{"1572442022827":{"type":"video","settings":{"video_id":"","link_url":"https:\/\/grandlemarwebshopvideos.s3.eu-north-1.amazonaws.com\/2020+EDITION+.mp4","video_type":"background","image":"shopify:\/\/shop_images\/Red_Enzo.jpg","title":"BRITALIA COLLECTION","subheading":"British tradition meets Italian flair","headingFont":"'Georgia'","heading_color":"#278aec","subheadingFont":"'Georgia', cursive","sub_heading_color":"#ffffff","slide_button_text":"Discover full video","link":"https:\/\/www.youtube.com\/watch?v=RsTm98tkxVk","btn_color":"#ffffff","btn_background_color":"rgba(0,0,0,0)","btn_border_color":"#4a4a4a"}},"1571914501398":{"type":"image","settings":{"image":"shopify:\/\/shop_images\/Fosco_Cover_Photo_73661d88-495a-4b2f-906c-3e2e8f7c5895.jpg","mb_image":"shopify:\/\/shop_images\/CHIC_AND_ELEGANT.jpg","alignment":"top","title":"FIND YOUR INNER CHICNESS","headingFont":"Avenir","heading_color":"#ff0000","subheading":"","subheadingFont":"Avenir","sub_heading_color":"#4a4a4a","slide_button_text":"DISCOVER","link":"","btn_color":"#31a3a3","btn_background_color":"rgba(0,0,0,0)","btn_border_color":"#31a3a3"}},"1574697428695":{"type":"image","settings":{"image":"shopify:\/\/shop_images\/Red-Enzo-Spotted.jpg","mb_image":"shopify:\/\/shop_images\/Fosco-Mobile.jpg","alignment":"top","title":"","headingFont":"Avenir","heading_color":"#4a4a4a","subheading":"","subheadingFont":"'Alex Brush', cursive","sub_heading_color":"#4a4a4a","slide_button_text":"","link":"","btn_color":"#4a4a4a","btn_background_color":"#4a4a4a","btn_border_color":"#4a4a4a"}}},"block_order":["1572442022827","1571914501398","1574697428695"],"settings":{"autoplay":true,"autoplay_speed":"10000","slideshow_height":"large","text_size":"medium"}}},"content_for_index":["slideshow","1538116809286","1493703845205","1493644198004","1493703791101","1493711077408","1493722700907","1493711107168","1538110461306","1563190147110","1564986242005","1564989445057","1565084876248"]},"presets":{"Default":{"share_facebook":true,"type_header_base_size":"26px","share_twitter":true,"type_bold_product_titles":false,"color_sale_text":"#7796A8","color_button_text":"#fff","share_pinterest":true,"sections":{"feature-row":{"settings":{},"type":"feature-row"},"footer":{"settings":{},"type":"footer"},"header":{"settings":{},"type":"header"},"hero":{"settings":{"text_size":"large"},"type":"hero"},"slideshow":{"settings":{},"blocks":{"slideshow-1":{"settings":{},"type":"image"},"slideshow-0":{"settings":{},"type":"image"}},"type":"slideshow","block_order":["slideshow-0","slideshow-1"]}},"color_button":"#7796A8","color_body_bg":"#fff","content_for_index":["hero","feature-row","slideshow"],"color_body_text":"#788188","color_small_button":"#fff","color_small_button_text":"#3d4246","type_base_size":"16px","color_text":"#3d4246","color_image_overlay_text":"#fff","color_image_overlay":"#3d4246","color_text_field_text":"#000","type_header_family":"Google_Work+Sans_600_sans","color_borders":"#e8e9eb","color_text_field":"#fff","type_base_family":"Google_Work+Sans_400_sans","image_overlay_opacity":"0.25"}}}