[{"name":"theme_info","theme_name":"Belle","theme_author":"AdornThemes","theme_version":"1.4","theme_documentation_url":"http:\/\/www.adornthemes.com\/documentation\/belle","theme_support_url":"https:\/\/www.adornthemes.com\/support"},{"name":"Dear customers!","settings":[{"type":"paragraph","content":"If you faced a problem with installation,Creating navigation or configuration our theme, please, read our documentation online. Or you can mail us. we will help you as soon as possible. You can ask your any kind of technical question directly through [contact email here](mailto:\/\/support@adornthemes.com?subject=[belle]+Theme+Support).. We would be glad if you help us to improve our theme, installation process or documentation. Thank You!"}]},{"name":"General Options","settings":[{"type":"select","id":"layout_style","label":"Select Layout","default":"normal","options":[{"label":"Default","value":"normal"},{"label":"Full Width Layout","value":"fullwidth"},{"label":"Boxed Layout","value":"boxedlayout"}]},{"type":"checkbox","id":"rtl","label":"Enable RTL","info":"Text Direction will be right to left","default":false},{"type":"image_picker","id":"favicon","label":"Favicon image","info":"Will be scaled down to 32 x 32px"},{"type":"checkbox","id":"show_sticky_header","label":"Show Sticky Header","default":true},{"type":"checkbox","id":"show_sticky_arrow","label":"Show Scroll Top Arrow?","default":true},{"type":"checkbox","id":"enable_site_animation","label":"Enable Scroll Animation Effect","default":true},{"type":"checkbox","id":"site_animation_mobile","label":"Disable Scroll Animation Effect On Mobile","default":true},{"type":"checkbox","id":"ajax_cart","label":"Enable Ajax Cart","default":true},{"type":"checkbox","id":"enable_wishlist","label":"Enable WishList","default":true},{"type":"checkbox","id":"image_swatches","label":"Image for colors swatches","default":false,"info":"Image name must same as color name and in lowercase. Use '-' instead of space. Examples (Black = black.png, Navy Blue = navyblue.png). Upload images on 'settings > files'"},{"type":"header","content":"Product List"},{"type":"checkbox","id":"show_product_label","label":"Show Product Label","info":"Sale Label, New Label","default":false},{"type":"checkbox","id":"secondary_image","label":"Change image on product hover?","default":false},{"type":"checkbox","id":"show_cart_btn","label":"Show Add to cart button","info":"Add to cart or Select options","default":true},{"type":"checkbox","id":"show_color_swatch","label":"Show Color Swatches","default":true}]},{"name":"Typography","settings":[{"type":"header","content":"Body text"},{"type":"select","id":"type_base_family","label":"Font","default":"Google_Work+Sans_400_sans","options":[{"value":"MyriadProRegular","label":"MyriadPro Regular","group":"Sans-serif"},{"value":"MyriadProBold","label":"MyriadPro Bold","group":"Sans-serif"},{"value":"Futura","label":"Futura","group":"Sans-serif"},{"value":"Futura Lt BT","label":"Futura Lt BT","group":"Sans-serif"},{"value":"Futura Md BT","label":"Futura Md BT","group":"Sans-serif"},{"value":"'Avant Garde', Avantgarde, 'Century Gothic', CenturyGothic, 'AppleGothic', sans-serif","label":"Avant Garde","group":"Sans-serif"},{"value":"'Gill Sans', 'Gill Sans MT', Calibri, sans-serif","label":"Gill Sans","group":"Sans-serif"},{"value":"'HelveticaNeue', 'Helvetica Neue', Helvetica, Arial, sans-serif","label":"Helvetica Neue","group":"Sans-serif"},{"value":"Arial, 'Helvetica Neue', Helvetica, sans-serif","label":"Arial","group":"Sans-serif"},{"value":"Candara, Calibri, Segoe, 'Segoe UI', Optima, Arial, sans-serif","label":"Candara","group":"Sans-serif"},{"value":"Geneva, Tahoma, Verdana, sans-serif","label":"Geneva","group":"Sans-serif"},{"value":"Google_Droid+Sans_400_sans","label":"Droid Sans","group":"Sans-serif | Google Web Fonts"},{"value":"Google_Droid+Sans_700_sans","label":"Droid Sans Bold","group":"Sans-serif | Google Web Fonts"},{"value":"Google_Lato_400_sans","label":"Lato","group":"Sans-serif | Google Web Fonts"},{"value":"Google_Lato_700_sans","label":"Lato Bold","group":"Sans-serif | Google Web Fonts"},{"value":"Google_Montserrat_400_sans","label":"Montserrat","group":"Sans-serif | Google Web Fonts"},{"value":"Google_Montserrat_700_sans","label":"Montserrat Bold","group":"Sans-serif | Google Web Fonts"},{"value":"Google_Open+Sans_400_sans","label":"Open Sans","group":"Sans-serif | Google Web Fonts"},{"value":"Google_Open+Sans_700_sans","label":"Open Sans Bold","group":"Sans-serif | Google Web Fonts"},{"value":"Google_PT+Sans_400_sans","label":"PT Sans","group":"Sans-serif | Google Web Fonts"},{"value":"Google_PT+Sans_700_sans","label":"PT Sans Bold","group":"Sans-serif | Google Web Fonts"},{"value":"Google_Roboto_400_sans","label":"Roboto","group":"Sans-serif | Google Web Fonts"},{"value":"Google_Roboto_700_sans","label":"Roboto Bold","group":"Sans-serif | Google Web Fonts"},{"value":"Google_Poppins_400_sans","label":"Poppins","group":"Sans-serif | Google Web Fonts"},{"value":"Google_Poppins_500_sans","label":"Poppins Medium","group":"Sans-serif | Google Web Fonts"},{"value":"Google_Poppins_700_sans","label":"Poppins Bold","group":"Sans-serif | Google Web Fonts"},{"value":"Google_Source+Sans+Pro_400_sans","label":"Source Sans Pro","group":"Sans-serif | Google Web Fonts"},{"value":"Google_Source+Sans+Pro_700_sans","label":"Source Sans Pro Bold","group":"Sans-serif | Google Web Fonts"},{"value":"Google_Ubuntu_400_sans","label":"Ubuntu","group":"Sans-serif | Google Web Fonts"},{"value":"Google_Ubuntu_700_sans","label":"Ubuntu Bold","group":"Sans-serif | Google Web Fonts"},{"value":"Google_Work+Sans_400_sans","label":"Work Sans","group":"Sans-serif | Google Web Fonts"},{"value":"Google_Work+Sans_500_sans","label":"Work Sans Semi-Bold","group":"Sans-serif | Google Web Fonts"},{"value":"'Big Caslon', 'Book Antiqua', 'Palatino Linotype', Georgia, serif","label":"Big Caslon","group":"Serif"},{"value":"'Calisto MT', 'Bookman Old Style', Bookman, 'Goudy Old Style', Garamond, 'Hoefler Text', 'Bitstream Charter', Georgia, serif","label":"Calisto MT","group":"Serif"},{"value":"Baskerville, 'Baskerville Old Face', 'Hoefler Text', Garamond, 'Times New Roman', serif","label":"Baskerville","group":"Serif"},{"value":"Garamond, Baskerville, 'Baskerville Old Face', 'Hoefler Text', 'Times New Roman', serif","label":"Garamond","group":"Serif"},{"value":"Georgia, 'Hoefler Text', 'Times New Roman', serif","label":"Georgia","group":"Serif"},{"value":"TimesNewRoman, 'Times New Roman', Times, Baskerville, Georgia, serif","label":"Times New Roman","group":"Serif"},{"value":"Google_Arapey_400_serif","label":"Arapey","group":"Serif | Google Web Fonts"},{"value":"Google_Arvo_400_serif","label":"Arvo","group":"Serif | Google Web Fonts"},{"value":"Google_Arvo_700_serif","label":"Arvo Bold","group":"Serif | Google Web Fonts"},{"value":"Google_Crimson+Text_400_serif","label":"Crimson Text","group":"Serif | Google Web Fonts"},{"value":"Google_Crimson+Text_700_serif","label":"Crimson Text Bold","group":"Serif | Google Web Fonts"},{"value":"Google_Droid+Serif_400_serif","label":"Droid Serif","group":"Serif | Google Web Fonts"},{"value":"Google_Droid+Serif_700_serif","label":"Droid Serif Bold","group":"Serif | Google Web Fonts"},{"value":"Google_Lora_400_serif","label":"Lora","group":"Serif | Google Web Fonts"},{"value":"Google_Lora_700_serif","label":"Lora Bold","group":"Serif | Google Web Fonts"},{"value":"Google_PT+Serif_400_serif","label":"PT Serif","group":"Serif | Google Web Fonts"},{"value":"Google_PT+Serif_700_serif","label":"PT Serif Bold","group":"Serif | Google Web Fonts"},{"value":"Google_Vollkorn_400_serif","label":"Vollkorn","group":"Serif | Google Web Fonts"},{"value":"Google_Vollkorn_700_serif","label":"Vollkorn Bold","group":"Serif | Google Web Fonts"}]},{"type":"select","id":"type_base_size","label":"Base size","default":"12px","options":[{"value":"12px","label":"12px"},{"value":"13px","label":"13px"},{"value":"14px","label":"14px"},{"value":"15px","label":"15px"},{"value":"16px","label":"16px"},{"value":"17px","label":"17px"},{"value":"18px","label":"18px"},{"value":"19px","label":"19px"},{"value":"20px","label":"20px"}]},{"type":"header","content":"Headings"},{"type":"select","id":"type_header_family","label":"Font","default":"Google_Work+Sans_600_sans","options":[{"value":"MyriadProRegular","label":"MyriadPro Regular","group":"Sans-serif"},{"value":"MyriadProBold","label":"MyriadPro Bold","group":"Sans-serif"},{"value":"Futura","label":"Futura","group":"Sans-serif"},{"value":"Futura Lt BT","label":"Futura Lt BT","group":"Sans-serif"},{"value":"Futura Md BT","label":"Futura Md BT","group":"Sans-serif"},{"value":"'Avant Garde', Avantgarde, 'Century Gothic', CenturyGothic, 'AppleGothic', sans-serif","label":"Avant Garde","group":"Sans-serif"},{"value":"'Gill Sans', 'Gill Sans MT', Calibri, sans-serif","label":"Gill Sans","group":"Sans-serif"},{"value":"'HelveticaNeue', 'Helvetica Neue', Helvetica, Arial, sans-serif","label":"Helvetica Neue","group":"Sans-serif"},{"value":"Arial, 'Helvetica Neue', Helvetica, sans-serif","label":"Arial","group":"Sans-serif"},{"value":"Candara, Calibri, Segoe, 'Segoe UI', Optima, Arial, sans-serif","label":"Candara","group":"Sans-serif"},{"value":"Geneva, Tahoma, Verdana, sans-serif","label":"Geneva","group":"Sans-serif"},{"value":"Google_Droid+Sans_400_sans","label":"Droid Sans","group":"Sans-serif | Google Web Fonts"},{"value":"Google_Droid+Sans_700_sans","label":"Droid Sans Bold","group":"Sans-serif | Google Web Fonts"},{"value":"Google_Lato_400_sans","label":"Lato","group":"Sans-serif | Google Web Fonts"},{"value":"Google_Lato_700_sans","label":"Lato Bold","group":"Sans-serif | Google Web Fonts"},{"value":"Google_Montserrat_400_sans","label":"Montserrat","group":"Sans-serif | Google Web Fonts"},{"value":"Google_Montserrat_700_sans","label":"Montserrat Bold","group":"Sans-serif | Google Web Fonts"},{"value":"Google_Open+Sans_400_sans","label":"Open Sans","group":"Sans-serif | Google Web Fonts"},{"value":"Google_Open+Sans_700_sans","label":"Open Sans Bold","group":"Sans-serif | Google Web Fonts"},{"value":"Google_PT+Sans_400_sans","label":"PT Sans","group":"Sans-serif | Google Web Fonts"},{"value":"Google_PT+Sans_700_sans","label":"PT Sans Bold","group":"Sans-serif | Google Web Fonts"},{"value":"Google_Roboto_400_sans","label":"Roboto","group":"Sans-serif | Google Web Fonts"},{"value":"Google_Roboto_700_sans","label":"Roboto Bold","group":"Sans-serif | Google Web Fonts"},{"value":"Google_Roboto+Slab_400_sans","label":"Roboto Slab","group":"Sans-serif | Google Web Fonts"},{"value":"Google_Roboto+Slab_700_sans","label":"Roboto Slab Bold","group":"Sans-serif | Google Web Fonts"},{"value":"Google_Source+Sans+Pro_400_sans","label":"Source Sans Pro","group":"Sans-serif | Google Web Fonts"},{"value":"Google_Source+Sans+Pro_700_sans","label":"Source Sans Pro Bold","group":"Sans-serif | Google Web Fonts"},{"value":"Google_Ubuntu_400_sans","label":"Ubuntu","group":"Sans-serif | Google Web Fonts"},{"value":"Google_Ubuntu_700_sans","label":"Ubuntu Bold","group":"Sans-serif | Google Web Fonts"},{"value":"Google_Work+Sans_400_sans","label":"Work Sans","group":"Sans-serif | Google Web Fonts"},{"value":"Google_Work+Sans_600_sans","label":"Work Sans Semi-Bold","group":"Sans-serif | Google Web Fonts"},{"value":"'Big Caslon', 'Book Antiqua', 'Palatino Linotype', Georgia, serif","label":"Big Caslon","group":"Serif"},{"value":"'Calisto MT', 'Bookman Old Style', Bookman, 'Goudy Old Style', Garamond, 'Hoefler Text', 'Bitstream Charter', Georgia, serif","label":"Calisto MT","group":"Serif"},{"value":"Baskerville, 'Baskerville Old Face', 'Hoefler Text', Garamond, 'Times New Roman', serif","label":"Baskerville","group":"Serif"},{"value":"Garamond, Baskerville, 'Baskerville Old Face', 'Hoefler Text', 'Times New Roman', serif","label":"Garamond","group":"Serif"},{"value":"TimesNewRoman, 'Times New Roman', Times, Baskerville, Georgia, serif","label":"Times New Roman","group":"Serif"},{"value":"Google_Arvo_400_serif","label":"Arvo","group":"Serif | Google Web Fonts"},{"value":"Google_Arvo_700_serif","label":"Arvo Bold","group":"Serif | Google Web Fonts"},{"value":"Google_Crimson+Text_400_serif","label":"Crimson Text","group":"Serif | Google Web Fonts"},{"value":"Google_Crimson+Text_700_serif","label":"Crimson Text Bold","group":"Serif | Google Web Fonts"},{"value":"Google_Droid+Serif_400_serif","label":"Droid Serif","group":"Serif | Google Web Fonts"},{"value":"Google_Droid+Serif_700_serif","label":"Droid Serif Bold","group":"Serif | Google Web Fonts"},{"value":"Google_Lora_400_serif","label":"Lora","group":"Serif | Google Web Fonts"},{"value":"Google_Lora_700_serif","label":"Lora Bold","group":"Serif | Google Web Fonts"},{"value":"Google_Old+Standard+TT_400_serif","label":"Old Standard","group":"Serif | Google Web Fonts"},{"value":"Google_Old+Standard+TT_700_serif","label":"Old Standard Bold","group":"Serif | Google Web Fonts"},{"value":"Google_PT+Serif_400_serif","label":"PT Serif","group":"Serif | Google Web Fonts"},{"value":"Google_PT+Serif_700_serif","label":"PT Serif Bold","group":"Serif | Google Web Fonts"},{"value":"Google_Vollkorn_400_serif","label":"Vollkorn","group":"Serif | Google Web Fonts"},{"value":"Google_Vollkorn_700_serif","label":"Vollkorn Bold","group":"Serif | Google Web Fonts"}]},{"type":"select","id":"type_header_base_size","label":"Heading base size","default":"26px","options":[{"value":"20px","label":"20px"},{"value":"22px","label":"22px"},{"value":"24px","label":"24px"},{"value":"26px","label":"26px"},{"value":"28px","label":"28px"},{"value":"30px","label":"30px"},{"value":"32px","label":"32px"},{"value":"34px","label":"34px"},{"value":"36px","label":"36px"}]}]},{"name":"Colors","settings":[{"type":"header","content":"Background"},{"type":"color","id":"color_body_bg","label":"Body Background color","default":"#fff"},{"type":"header","content":"Text"},{"type":"color","id":"color_body_text","label":"Body text","default":"#788188"},{"type":"color","id":"color_text","label":"Headings","default":"#3d4246"},{"type":"color","id":"color_links","label":"Text Links","default":"#000"},{"type":"color","id":"color_borders","label":"Borders and lines","default":"#e8e9eb"},{"type":"color","id":"color_text_field","label":"Text fields","default":"#fff"},{"type":"color","id":"color_text_field_text","label":"Text field text","default":"#000"},{"type":"header","content":"Buttons"},{"type":"color","id":"color_button","label":"Primary Buttons","default":"#000"},{"type":"color","id":"color_button_text","label":"Primary Buttons Text","default":"#fff"},{"type":"color","id":"color_small_button","label":"Secondry Buttons","default":"#fff"},{"type":"color","id":"color_small_button_text","label":"Secondry Buttons text","default":"#000"},{"type":"header","content":"Header"},{"type":"color","id":"color_bg","label":"Top Announcement Color","default":"#000"},{"type":"color","id":"annouance_color_text","label":"Top Announcement Text Color","default":"#fff"},{"type":"color","id":"top_header_clr","label":"Top Header Background Color","default":"#f5f5f5"},{"type":"color","id":"top_header_text_clr","label":"Top Header Text Color","default":"#000"},{"type":"color","id":"main_header_bg_clr","label":"Main Header Background Color","default":"#fff"},{"type":"color","id":"cart_bag_clr","label":"Cart Bag Color","default":"#000"},{"type":"color","id":"search_ico_clr","label":"Search Icon Color","default":"#000"},{"type":"header","content":"Navigation"},{"type":"color","id":"navbar_bg","label":"Navigation Background","default":"#000"},{"type":"color","id":"navbar_link","label":"Link Color","default":"#fff"},{"type":"color","id":"navbar_link_hv","label":"Link Hover Color","default":"#fff"},{"type":"color","id":"navbar_link_bghv","label":"Link hover Background","default":"#000"},{"type":"paragraph","content":"Menu Labels"},{"type":"color","id":"nav_link_lbl","label":"Label Text","default":"#000"},{"type":"color","id":"nav_link_lbl_bg","label":"Label Background","default":"#f00"},{"type":"paragraph","content":"Megamenu"},{"type":"color","id":"nav_mm_bg","label":"Megamenu Background","default":"#fff"},{"type":"color","id":"nav_mm_title","label":"Column Title","default":"#000"},{"type":"color","id":"nav_mm_link","label":"Links Color","default":"#000"},{"type":"color","id":"nav_mm_link_hv","label":"Links Hover Color","default":"#000"},{"type":"paragraph","content":"DropDown Menu"},{"type":"color","id":"nav_dd_link","label":"Links Color","default":"#000"},{"type":"color","id":"nav_dd_link_bg","label":"Links Background","default":"#fff"},{"type":"color","id":"nav_dd_link_hv","label":"Links Hover Color","default":"#000"},{"type":"color","id":"nav_dd_divider","label":"Links Divider","default":"#ddd"},{"type":"color","id":"nav_dd_link_bghv","label":"Links Hover Background","default":"#eee"},{"type":"header","content":"Mobile Navigation"},{"type":"color","id":"mobile_nav_bg","label":"Background","default":"#fff"},{"type":"color","id":"navigation_text","label":"Text","default":"#000"},{"type":"color","id":"border","label":"Border","default":"#eee"},{"type":"select","id":"subnav_color_shade","label":"Sub Navigation Background Shade","default":"lighten","info":" if background is dark, Select lighten else darken","options":[{"label":"Lighten","value":"lighten"},{"label":"Darken","value":"darken"}]},{"type":"header","content":"Slideshow"},{"type":"color","id":"color_slideshow_image_overlay","label":"Image Overlay Color","default":"#3d4246"},{"type":"select","id":"image_slideshow_overlay_opacity","label":"Opacity","default":"0.25","options":[{"label":"90%","value":"0.9"},{"label":"85%","value":"0.85"},{"label":"80%","value":"0.8"},{"label":"75%","value":"0.75"},{"label":"70%","value":"0.7"},{"label":"65%","value":"0.65"},{"label":"60%","value":"0.6"},{"label":"55%","value":"0.55"},{"label":"50%","value":"0.5"},{"label":"45%","value":"0.45"},{"label":"40%","value":"0.4"},{"label":"35%","value":"0.35"},{"label":"30%","value":"0.3"},{"label":"25%","value":"0.25"},{"label":"20%","value":"0.2"},{"label":"0%","value":"0"}]},{"type":"color","id":"slide_text_clr","label":"Slideshow Text Color","default":"#fff"},{"type":"checkbox","id":"display_overlay","label":"Display Caption Background Color?","default":true},{"type":"color","id":"slide_overlay_clr","label":"Caption Background Color","default":"#fff"},{"type":"checkbox","id":"display_overlay_border","label":"Display Caption Background Border?","default":true},{"type":"color","id":"slide_border_clr","label":"Caption Background Border color","default":"#fff"},{"type":"header","content":"Footer"},{"type":"color","id":"newsletter_bg_clr","label":"Neweletter Background Color","default":"#f9f9f9"},{"type":"color","id":"newsletter_text_clr","label":"Neweletter Text Color","default":"#000"},{"type":"color","id":"newsletter_border_clr","label":"Neweletter Border Color","default":"#e8e9eb"},{"type":"color","id":"newsletter_button_clr","label":"Neweletter Button Color","default":"#000"},{"type":"color","id":"newsletter_button_hover_clr","label":"Neweletter Button Hover Color","default":"#444"},{"type":"color","id":"social_icon_colors","label":"Social Icon Colors","default":"#000"},{"type":"color","id":"footer_bg_clr","label":"Main Background Color","default":"#131212"},{"type":"color","id":"footer_text_clr","label":"Text Color","default":"#b0aeae"},{"type":"color","id":"footer_title_clr","label":"Title Text Color","default":"#fff"},{"type":"color","id":"footer_border_clr","label":"Border Color","default":"#6f6e6e"},{"type":"color","id":"icon_colors","label":"Address Icon Colors","default":"#000"},{"type":"color","id":"scroll_icon_colors","label":"Scroll Top Arrow Color","default":"#000"},{"type":"header","content":"Hero Image overlays"},{"type":"color","id":"color_image_overlay_text","label":"Text","default":"#fff"},{"type":"color","id":"color_image_overlay","label":"Background","default":"#3d4246"},{"type":"select","id":"image_overlay_opacity","label":"Opacity","default":"0.25","options":[{"label":"90%","value":"0.9"},{"label":"85%","value":"0.85"},{"label":"80%","value":"0.8"},{"label":"75%","value":"0.75"},{"label":"70%","value":"0.7"},{"label":"65%","value":"0.65"},{"label":"60%","value":"0.6"},{"label":"55%","value":"0.55"},{"label":"50%","value":"0.5"},{"label":"45%","value":"0.45"},{"label":"40%","value":"0.4"},{"label":"35%","value":"0.35"},{"label":"30%","value":"0.3"},{"label":"25%","value":"0.25"},{"label":"20%","value":"0.2"},{"label":"0%","value":"0"}]},{"type":"header","content":"Page"},{"type":"color","id":"header_bg_clr","label":"Header Background Color","default":"#f9f9f9"},{"type":"color","id":"header_text_clr","label":"Header Text Color","default":"#000"},{"type":"header","content":"Products"},{"type":"color","id":"lbl_new_color","label":"Label New Color","default":"#000"},{"type":"color","id":"lbl_sale_color","label":"Label Sale Color","default":"#ff708e"},{"type":"color","id":"color_product_title","label":"Product Title","default":"#000"},{"type":"color","id":"color_price_text","label":"Price Text","default":"#000"},{"type":"color","id":"color_sale_text","label":"Price Sale Text","default":"#e95144"},{"type":"color","id":"product_tick_color","label":"Product Description Tick Mark Color","default":"#ee8e8e"},{"type":"color","id":"product_review_color","label":"Review Star Color","default":"#e38182"},{"type":"color","id":"quantity_msg","label":"Quantity Message","default":"#31a3a3"},{"type":"color","id":"countdown_text","label":"Product Countdown Text","default":"#000"},{"type":"header","content":"Product Tab On Home"},{"type":"color","id":"product_tab_text_color","label":"Tab Text Color","default":"#929292"},{"type":"color","id":"product_tab_active_text_color","label":"Tab Active Text Color","default":"#000"},{"type":"header","content":"Product Tab On Product Detail Page"},{"type":"color","id":"product_detail_tab_border","label":"Tab Bottom Border Color","default":"#e8e9eb"},{"type":"color","id":"product_detail_tab_text_color","label":"Tab Text Color","default":"#2e2d2d"},{"type":"color","id":"product_detail_tab_active_text_color","label":"Tab Active Text Color and Border Color","default":"#000"}]},{"name":"Currency","settings":[{"type":"paragraph","content":"To offer multiple currencies on your online store, you must first [edit your store's currency formatting](https:\/\/help.shopify.com\/manual\/using-themes\/troubleshooting\/help-script-find-money-formats)."},{"type":"checkbox","id":"show_multiple_currencies","label":"Enable currency conversion","default":true,"info":"Even though prices are displayed in different currencies, orders will still be processed in your store's currency."},{"type":"select","id":"currency_format","label":"Format","options":[{"value":"money_format","label":"Without currency ($10.00)"},{"value":"money_with_currency_format","label":"With currency ($10.00 CAD)"}],"default":"money_with_currency_format"},{"type":"text","id":"supported_currencies","label":"Supported currencies","default":"INR GBP CAD USD AUD EUR JPY","info":"Use the country's ISO [currency code](http:\/\/www.xe.com\/iso4217.php). Separate your currency codes with a space."},{"type":"text","id":"default_currency","label":"Default currency","default":"USD"}]},{"name":"Sidebar","settings":[{"type":"checkbox","id":"display_categories","label":"Display Categories","default":true},{"type":"header","content":"Product Filters"},{"type":"header","content":"Filter 1"},{"type":"checkbox","id":"display_filter_1","label":"Display","default":true},{"type":"text","id":"filter_1_label","label":"Filter 1 Title","default":"Price","info":"i.e 'Shop by Price'"},{"type":"textarea","id":"shop_by_filter1_tag_lists","label":"Add Filter 1 tags","default":"Under $50,Under $100, $100 - $400, $400 - $600","info":"Separate by a comma, i.e $100 - $300, $300 - $500"},{"type":"header","content":"Filter 2"},{"type":"checkbox","id":"display_filter_2","label":"Display","default":true},{"type":"text","id":"filter_2_label","label":"Filter 2 Title","default":"Size","info":"i.e 'Shop by Size'"},{"type":"textarea","id":"shop_by_filter2_tag_lists","label":"Add Filter 2 tags","default":"XS, S, M, L, XL","info":"Separate by a comma, i.e XS, S, M, L, XL"},{"type":"header","content":"Filter 3"},{"type":"checkbox","id":"display_filter_3","label":"Display","default":true},{"type":"text","id":"filter_3_label","label":"Filter 3 Title","default":"Color","info":"i.e 'Shop by Color'"},{"type":"text","id":"shop_by_color_1_name","label":"Color 1 Name","default":"Black","info":"Add this color name as a product tag while doing product entry"},{"type":"color","id":"shop_by_color_1","label":"Color 1","default":"#000","info":"This color will display in filter"},{"type":"text","id":"shop_by_color_2_name","label":"Color 2 Name","default":"White","info":"Add this color name as a product tag while doing product entry"},{"type":"color","id":"shop_by_color_2","label":"Color 2","default":"#fff","info":"This color will display in filter"},{"type":"text","id":"shop_by_color_3_name","label":"Color 3 Name","default":"Red","info":"Add this color name as a product tag while doing product entry"},{"type":"color","id":"shop_by_color_3","label":"Color 3","default":"#f93d03","info":"This color will display in filter"},{"type":"text","id":"shop_by_color_4_name","label":"Color 4 Name","default":"Blue","info":"Add this color name as a product tag while doing product entry"},{"type":"color","id":"shop_by_color_4","label":"Color 4","default":"#015be2","info":"This color will display in filter"},{"type":"text","id":"shop_by_color_5_name","label":"Color 5 Name","default":"Pink","info":"Add this color name as a product tag while doing product entry"},{"type":"color","id":"shop_by_color_5","label":"Color 5","default":"#f53c7f","info":"This color will display in filter"},{"type":"text","id":"shop_by_color_6_name","label":"Color 6 Name","default":"Silver","info":"Add this color name as a product tag while doing product entry"},{"type":"color","id":"shop_by_color_6","label":"Color 6","default":"#e1dddf","info":"This color will display in filter"},{"type":"text","id":"shop_by_color_7_name","label":"Color 7 Name","default":"Gray","info":"Add this color name as a product tag while doing product entry"},{"type":"color","id":"shop_by_color_7","label":"Color 7","default":"#c3bfc1","info":"This color will display in filter"},{"type":"text","id":"shop_by_color_8_name","label":"Color 8 Name","default":"Green","info":"Add this color name as a product tag while doing product entry"},{"type":"color","id":"shop_by_color_8","label":"Color 8","default":"#08b12c","info":"This color will display in filter"},{"type":"text","id":"shop_by_color_9_name","label":"Color 9 Name","default":"Oragnge","info":"Add this color name as a product tag while doing product entry"},{"type":"color","id":"shop_by_color_9","label":"Color 9","default":"#f1840e","info":"This color will display in filter"},{"type":"text","id":"shop_by_color_10_name","label":"Color 10 Name","default":"Marun","info":"Add this color name as a product tag while doing product entry"},{"type":"color","id":"shop_by_color_10","label":"Color 10","default":"#a5030f","info":"This color will display in filter"},{"type":"text","id":"shop_by_color_11_name","label":"Color 11 Name","default":"Yellow","info":"Add this color name as a product tag while doing product entry"},{"type":"color","id":"shop_by_color_11","label":"Color 11","default":"#f7e308","info":"This color will display in filter"},{"type":"text","id":"shop_by_color_12_name","label":"Color 12 Name","default":"Cyan","info":"Add this color name as a product tag while doing product entry"},{"type":"color","id":"shop_by_color_12","label":"Color 12","default":"#1a8180","info":"This color will display in filter"},{"type":"text","id":"shop_by_color_13_name","label":"Color 13 Name","default":"Gold","info":"Add this color name as a product tag while doing product entry"},{"type":"color","id":"shop_by_color_13","label":"Color 13","default":"#b28f35","info":"This color will display in filter"},{"type":"text","id":"shop_by_color_14_name","label":"Color 14 Name","default":"Lavender","info":"Add this color name as a product tag while doing product entry"},{"type":"color","id":"shop_by_color_14","label":"Color 14","default":"#8131c6","info":"This color will display in filter"},{"type":"text","id":"shop_by_color_15_name","label":"Color 15 Name","default":"LimeGreen","info":"Add this color name as a product tag while doing product entry"},{"type":"color","id":"shop_by_color_15","label":"Color 15","default":"#32cc08","info":"This color will display in filter"},{"type":"header","content":"Filter 4"},{"type":"checkbox","id":"display_filter_4","label":"Display","default":true},{"type":"text","id":"filter_4_label","label":"Filter 4 Title","default":"Brand","info":"i.e 'Shop by Brand'"},{"type":"textarea","id":"shop_by_filter4_tag_lists","label":"Add Filter 4 tags","default":"Apple, Braun, Canon, LG, Acer, HP, Lenovo, Haier, Havells, Hitachi, JSB, Koryo, Nikon, HTC, Philips,Trimmers","info":"Separate by a comma, i.e Apple, Braun, Canon, LG,"},{"type":"header","content":"Filter 5"},{"type":"checkbox","id":"display_filter_5","label":"Display","default":false},{"type":"text","id":"filter_5_label","label":"Filter 5 Title"},{"type":"textarea","id":"shop_by_filter5_tag_lists","label":"Add Filter 5 tags","info":"Separate by a comma, i.e X, Y, Z, etc,"},{"type":"header","content":"Filter 6"},{"type":"checkbox","id":"display_filter_6","label":"Display","default":false},{"type":"text","id":"filter_6_label","label":"Filter 6 Title"},{"type":"textarea","id":"shop_by_filter6_tag_lists","label":"Add Filter 6 tags","info":"Separate by a comma, i.e X, Y, Z, etc,"},{"type":"header","content":"Products Carousel"},{"type":"checkbox","id":"display_sidebar_products_carosel","label":"Display","default":true},{"type":"text","id":"sidebar_products_title","label":"Product Carousel Title","default":"Popular Products"},{"type":"collection","id":"products_list_collection","label":"Select Collection"},{"type":"text","id":"num_of_products_in_carosel","label":"Number of products to show","default":"8"},{"type":"header","content":"Static Image Block"},{"type":"checkbox","id":"display_static_banner_block","label":"Display","default":true},{"type":"image","id":"static_banner.jpg","label":"Upload Banner"},{"type":"text","id":"static_banner_link","label":"Static Banner Link","default":"#"},{"type":"header","content":"Static Text Block"},{"type":"checkbox","id":"display_static_text_block","label":"Display","default":true},{"type":"text","id":"static_text_block_title","label":"Static Text Block Title","default":"Static Block"},{"type":"textarea","id":"static_text_block_text","label":"Static Text Block","default":"You can manage this text block from admin panel sidebar."},{"type":"header","content":"Product Tags"},{"type":"checkbox","id":"display_product_tags","label":"Display","default":true}]},{"name":"Product Notification","settings":[{"type":"checkbox","id":"show_notification","label":"Show Products Notification","default":true},{"type":"checkbox","id":"hide_notification_mb","label":"Hide Notification in mobile","default":true},{"type":"collection","id":"notify_collection","label":"Collection to use:"},{"type":"text","id":"notify_msg","label":"notification Message","default":"Someone liked and Buy"},{"type":"text","id":"notify_delay","label":"Delay Time","default":"10000","info":"in miliseconds (10000 = 10 seconds)"},{"type":"text","id":"notify_display","label":"Display Time","default":"7000","info":"in miliseconds (7000 = 7 seconds)"}]},{"name":"Quick View","settings":[{"type":"checkbox","id":"quick_view","label":"Enable Quick View","default":true},{"type":"checkbox","id":"show_product_availability","label":"Show Product Availability","default":true},{"type":"checkbox","id":"show_product_type","label":"Show Product Type","default":false},{"type":"checkbox","id":"show_product_vendor","label":"Show Vendor?","default":true},{"type":"checkbox","id":"show_product_sku","label":"Show Product SKU","default":false},{"type":"checkbox","id":"show_short_desc","label":"Show Short Description","default":true},{"type":"checkbox","id":"show_variant_swatches","label":"Show Variant Swatches?","default":true}]},{"name":"Newsletter","settings":[{"type":"text","id":"mailChimp_newsletter","label":"MailChimp form action URL","info":"[Where do I find my MailChimp form action URL?](https:\/\/help.shopify.com\/manual\/using-themes\/change-the-layout\/theme-newsletter#add-a-mailchimp-newsletter-form-to-your-store-non-sectioned-themes-specific)"},{"type":"header","content":"Newsletter Popup"},{"type":"checkbox","id":"newsletter_popup","label":"Show Newsletter Popup","default":true},{"type":"checkbox","id":"show_social_icons","label":"Show Social Icons","default":true},{"type":"text","id":"newsletter_popup_time","label":"Show After seconds","default":"5000","info":"Add value in miliseconds(5000=5 Seconds)"},{"type":"image_picker","id":"newsletter_img","label":"Newsletter Image","info":"For Best Resolution Recommanded Size : 300x350"},{"type":"text","id":"newsletter_popup_title","label":"Title","default":" Join Our Mailing List"},{"type":"color","id":"newsletter_popup_title_color","label":"Title Color","default":"#075159"},{"type":"text","id":"newsletter_popup_subtitle","label":"Sub Title","default":" Sign Up for our exclusive email list and be the first to know about new products and special offers"}]},{"name":"Social media","settings":[{"type":"header","content":"Social sharing options"},{"type":"checkbox","id":"share_facebook","label":"Share on Facebook","default":true},{"type":"checkbox","id":"share_twitter","label":"Tweet on Twitter","default":true},{"type":"checkbox","id":"share_pinterest","label":"Pin on Pinterest","default":true},{"type":"header","content":"Social accounts"},{"type":"text","id":"social_twitter_link","label":"Twitter","default":"https:\/\/twitter.com\/adornthemes","info":"https:\/\/twitter.com\/adornthemes"},{"type":"text","id":"social_facebook_link","label":"Facebook","default":"https:\/\/facebook.com\/adornthemes","info":"https:\/\/facebook.com\/adornthemes"},{"type":"text","id":"social_pinterest_link","label":"Pinterest","default":"https:\/\/pinterest.com\/adornthemes","info":"https:\/\/pinterest.com\/adornthemes"},{"type":"text","id":"social_instagram_link","label":"Instagram","default":"http:\/\/instagram.com\/adornthemes","info":"http:\/\/instagram.com\/adornthemes"},{"type":"text","id":"social_tumblr_link","label":"Tumblr","default":"http:\/\/shopify.tumblr.com\/adornthemes","info":"http:\/\/shopify.tumblr.com\/adornthemes"},{"type":"text","id":"social_youtube_link","label":"YouTube","default":"https:\/\/www.youtube.com\/adornthemes","info":"https:\/\/www.youtube.com\/adornthemes"},{"type":"text","id":"social_vimeo_link","label":"Vimeo","default":"https:\/\/vimeo.com\/adornthemes","info":"https:\/\/vimeo.com\/adornthemes"}]}]